Home Type - Solar ROI Calculator (Bi-Monthly Bill Analysis),,,,,,,,,,,,
Bi-Monthly Bill,Bi-Monthly Units,Monthly Units,kW Required (kW),kW Range (±15%),Space Required (sq ft),Space Range (±15%),Investment (₹),Investment Range (±15%),Annual Savings (₹),ROI (Years),ROI Range (±10%),ROI Years/Months
5000,854,427,3.56,3 to 4,456,400 to 600,249200,211820 to 286580,27600,9.03,8.1 to 9.9,9 years 0 months
6000,687,344,2.87,2 to 3,368,300 to 500,200900,170765 to 231035,33120,6.07,5.5 to 6.7,6 years 1 month
7000,797,399,3.33,3 to 4,426,400 to 600,233100,198135 to 268065,38640,6.03,5.4 to 6.6,6 years 0 months
8000,919,460,3.83,3 to 5,490,400 to 600,268100,227885 to 305315,44160,6.07,5.5 to 6.7,6 years 1 month
9000,1041,521,4.34,4 to 5,556,500 to 700,303800,258230 to 349370,49680,6.11,5.5 to 6.7,6 years 1 month
10000,1187,594,4.95,4 to 6,634,600 to 700,346500,294525 to 398475,55200,6.28,5.7 to 6.9,6 years 3 months
,,,,,,,,,,,,
Commercial Type - Solar ROI Calculator (Bi-Monthly Bill Analysis),,,,,,,,,,,,
Bi-Monthly Bill,Bi-Monthly Units,Monthly Units,kW Required (kW),kW Range (±15%),Space Required (sq ft),Space Range (±15%),Investment (₹),Investment Range (±15%),Annual Savings (₹),ROI (Years),ROI Range (±10%),ROI Years/Months
15000,1435,718,5.98,5 to 7,766,700 to 900,418600,355810 to 481390,82800,5.05,4.5 to 5.6,5 years 1 month
19000,1818,909,7.58,6 to 9,970,900 to 1200,530600,451010 to 610190,105120,5.05,4.5 to 5.6,5 years 1 month
23000,2200,1100,9.17,8 to 11,1174,1200 to 1400,641900,545615 to 738185,127280,5.04,4.5 to 5.5,5 years 0 months
27000,2584,1292,10.77,9 to 13,1379,1400 to 1600,753900,640815 to 866985,149520,5.04,4.5 to 5.5,5 years 0 months
31000,2967,1484,12.37,11 to 15,1583,1600 to 1900,865900,736015 to 995785,171720,5.04,4.5 to 5.5,5 years 0 months
35000,3349,1675,13.96,12 to 16,1786,1800 to 2100,977200,830620 to 1123780,193920,5.04,4.5 to 5.5,5 years 0 months
